{
  "derived_status_accuracy": {
    "arrhythmia_label": 0.9033333333333333,
    "cardiac_status": 0.8233333333333334,
    "sleep_status": 0.8433333333333334
  },
  "feature_importances": {
    "arrhythmia_score": {
      "baseline_avg_heart_rate": 0.004087930034890576,
      "baseline_daily_steps": 0.005640515214868303,
      "baseline_ecg_flagged_events": 0.0006324819007483396,
      "baseline_ecg_irregularity": 0.005794586688591354,
      "baseline_resting_bpm": 0.003029595042854002,
      "baseline_sleep_efficiency": 0.006560259465139778,
      "baseline_sleep_hours": 0.006073606067765678,
      "current_avg_heart_rate": 0.004993016084218621,
      "current_daily_steps": 0.005742721476218733,
      "current_ecg_flagged_events": 0.03733522531934149,
      "current_ecg_irregularity": 0.7635474884745053,
      "current_resting_bpm": 0.0033599545068712247,
      "current_sleep_efficiency": 0.005265423216505601,
      "current_sleep_hours": 0.004267592013222665,
      "daytime_hr_mean": 0.005959829676128249,
      "delta_avg_heart_rate": 0.023141859803855098,
      "delta_daily_steps": 0.005783505667017013,
      "delta_ecg_irregularity": 0.015357439387129928,
      "delta_resting_bpm": 0.06587666602581774,
      "delta_sleep_efficiency": 0.0054768120291018955,
      "delta_sleep_hours": 0.004992532966372169,
      "overnight_hr_mean": 0.003213764310552368,
      "weekly_sleep_variability": 0.007423477197481433,
      "weekly_step_variability": 0.006443717430802508
    },
    "cardiac_decomp_score": {
      "baseline_avg_heart_rate": 0.0029097024454153926,
      "baseline_daily_steps": 0.004042652428113907,
      "baseline_ecg_flagged_events": 0.0005800756224446706,
      "baseline_ecg_irregularity": 0.004756758635598444,
      "baseline_resting_bpm": 0.00249582096282865,
      "baseline_sleep_efficiency": 0.004434715472158709,
      "baseline_sleep_hours": 0.00422641347838763,
      "current_avg_heart_rate": 0.003535129908909219,
      "current_daily_steps": 0.005155722619329855,
      "current_ecg_flagged_events": 0.015437743617269278,
      "current_ecg_irregularity": 0.00530963780676059,
      "current_resting_bpm": 0.0024481568338691646,
      "current_sleep_efficiency": 0.004804864517883475,
      "current_sleep_hours": 0.011062441607096777,
      "daytime_hr_mean": 0.0035040434055136705,
      "delta_avg_heart_rate": 0.16033784439278262,
      "delta_daily_steps": 0.26478679191038273,
      "delta_ecg_irregularity": 0.005589843285524156,
      "delta_resting_bpm": 0.40392230575871,
      "delta_sleep_efficiency": 0.005985288699446639,
      "delta_sleep_hours": 0.0577906517477777,
      "overnight_hr_mean": 0.003169157662382309,
      "weekly_sleep_variability": 0.008350194975227258,
      "weekly_step_variability": 0.015364042206187117
    },
    "sleep_impairment_score": {
      "baseline_avg_heart_rate": 0.0025679595468957035,
      "baseline_daily_steps": 0.003174500021160667,
      "baseline_ecg_flagged_events": 0.0005128385379707465,
      "baseline_ecg_irregularity": 0.004873278690398301,
      "baseline_resting_bpm": 0.0022311699624956043,
      "baseline_sleep_efficiency": 0.0032165131526087,
      "baseline_sleep_hours": 0.0030490126162780267,
      "current_avg_heart_rate": 0.002337386705766303,
      "current_daily_steps": 0.005454736724542372,
      "current_ecg_flagged_events": 0.0021155022426175714,
      "current_ecg_irregularity": 0.00313064379556562,
      "current_resting_bpm": 0.002552161350264472,
      "current_sleep_efficiency": 0.004141674437031364,
      "current_sleep_hours": 0.004745674561001954,
      "daytime_hr_mean": 0.002471908676351411,
      "delta_avg_heart_rate": 0.004244852777969736,
      "delta_daily_steps": 0.0497978351918488,
      "delta_ecg_irregularity": 0.003163143467022625,
      "delta_resting_bpm": 0.09870925895350088,
      "delta_sleep_efficiency": 0.4735544845243713,
      "delta_sleep_hours": 0.2974771137497013,
      "overnight_hr_mean": 0.004334144433879664,
      "weekly_sleep_variability": 0.016143259220069674,
      "weekly_step_variability": 0.006000946660687126
    }
  },
  "features": [
    "baseline_resting_bpm",
    "baseline_avg_heart_rate",
    "baseline_daily_steps",
    "baseline_sleep_hours",
    "baseline_sleep_efficiency",
    "baseline_ecg_irregularity",
    "baseline_ecg_flagged_events",
    "current_resting_bpm",
    "current_avg_heart_rate",
    "current_daily_steps",
    "current_sleep_hours",
    "current_sleep_efficiency",
    "current_ecg_irregularity",
    "current_ecg_flagged_events",
    "delta_resting_bpm",
    "delta_avg_heart_rate",
    "delta_daily_steps",
    "delta_sleep_hours",
    "delta_sleep_efficiency",
    "delta_ecg_irregularity",
    "weekly_step_variability",
    "weekly_sleep_variability",
    "overnight_hr_mean",
    "daytime_hr_mean"
  ],
  "regression": {
    "arrhythmia_score": {
      "mae": 0.05218035567317835,
      "r2": 0.8054808615970688
    },
    "cardiac_decomp_score": {
      "mae": 0.05844363262576741,
      "r2": 0.8178912622234034
    },
    "sleep_impairment_score": {
      "mae": 0.05849517240697322,
      "r2": 0.8142712004579075
    }
  },
  "samples": 1500,
  "targets": [
    "arrhythmia_score",
    "cardiac_decomp_score",
    "sleep_impairment_score"
  ],
  "test_rows": 300,
  "train_rows": 1200
}