{"mean": [61.513233540852866, 72.49556921641032, 8295.915876668294, 7.087343164682388, 0.8712598750988643, 0.09686214114073664, 0.2941666666666667, 67.66067316373189, 79.64586171150208, 6457.466130320231, 6.424527913530667, 0.7675724786023299, 0.42197833810641894, 3.6708333333333334, 6.1474396835640075, 7.150292509746893, -1838.449744401748, -0.662815244665641, -0.10368739570300932, 0.3251161964432534, 1724.3082996877035, 0.8879535456436376, 68.5380934270223, 80.4592081006368], "scale": [6.862664714483552, 7.831671931476586, 2326.9839451359535, 0.8489664080575577, 0.059914683860288524, 0.06427374240133465, 0.5409553021173643, 8.01682985833769, 9.7981396802318, 2884.5881022204594, 1.2016073109679275, 0.09009706305859926, 0.1829984946432521, 2.370826010533506, 4.038895481802944, 5.7253081024756085, 1652.5175986962804, 0.8474822209394143, 0.06824670133129922, 0.17262970840944636, 490.3989681689338, 0.2941734493114216, 8.32498760374693, 10.18813574169882]}